[
    {
        "exp_id": 1,
        "exp_name": "Travel",
        "icon": "fas fa-plane",
        "category": [
            "Room Rent",
            "Breakfast",
            "Lunch",
            "Dinner",
            "Air Fare",
            "Taxi",
            "Rented Car",
            "Other Transport",
            "Telephone",
            "Tolls",
            "Parking",
            "Tips (ex Meals)",
            "Registration Fee",
            "Others"
        ]
    },
    {
        "exp_id": 2,
        "exp_name": "Family Entertainment",
        "icon": "fas fa-users",
        "category": [
            "Shopping"
        ]
    },
    {
        "exp_id": 3,
        "exp_name": "Office Stationery",
        "icon": "fas fa-paste",
        "category": [
            "Paper",
            "Writing Pad",
            "Note Books",
            "Clips",
            "Others"
        ]
    },
    {
        "exp_id": 4,
        "exp_name": "Office Entertainment",
        "icon": "fas fa-film",
        "category": [
            "Food",
            "Tickets",
            "Others"
        ]
    },
    {
        "exp_id": 5,
        "exp_name": "Learning and Development",
        "icon": "fas fa-book",
        "category": [
            "Training",
            "Books",
            "Certification",
            "Others"
        ]
    },
    {
        "exp_id": 6,
        "exp_name": "Office - Others",
        "icon": "fas fa-building",
        "category": [
            "Table",
            "Chair",
            "Internet / Broadband"
        ]
    },
    {
        "exp_id": 6,
        "exp_name": "Medical",
        "icon": "fas fa-building",
        "category": [
            "Consultation",
            "Medicine",
            "Medical Test",
            "Other"
        ]
    }
]
