[
  {
    "teamId": 1,
    "name": "Vidya Ravichandran",
    "active": true
  },
  {
    "teamId": 2,
    "name": "Naveen Krishnamurthy",
    "active": true
  },
  {
    "teamId": 3,
    "name": "Navaneetha Krishnan",
    "active": true
  },
  {
    "teamId": 4,
    "name": "Vishnu Ayyappan",
    "active": false
  },
  {
    "teamId": 5,
    "name": "Gowtham Loganathan",
    "active": false
  },
  {
    "teamId": 6,
    "name": "Santhanakrishnan Raghuraman",
    "active": false
  },
  {
    "teamId": 7,
    "name": "Mohamed Fazil",
    "active": true
  },
  {
    "teamId": 8,
    "name": "Gopinath Mariappan",
    "active": true
  },
  {
    "teamId": 9,
    "name": "Girish Verma",
    "active": true
  },
  {
    "teamId": 10,
    "name": "Manojkumar Marimuthu",
    "active": false
  },
  {
    "teamId": 11,
    "name": "Prasath Ravichandran",
    "active": false
  },
  {
    "teamId": 12,
    "name": "Sujatha Mohan",
    "active": true
  },
  {
    "teamId": 13,
    "name": "Krishnakumar Sankarankutty",
    "active": true
  },
  {
    "teamId": 14,
    "name": "Chanchal Jain",
    "active": true
  },
  {
    "teamId": 15,
    "name": "Pratheesh Prabhakaran",
    "active": true
  },
  {
    "teamId": 16,
    "name": "Saranya Sankaran",
    "active": false
  },
  {
    "teamId": 17,
    "name": "Pankajam Krishnamurthy",
    "active": false
  },
  {
    "teamId": 18,
    "name": "Rajalakshmi JagadeshChandran",
    "active": false
  },
  {
    "teamId": 19,
    "name": "Nandhini Natarajan",
    "active": true
  },
  {
    "teamId": 20,
    "name": "Narender Jangid",
    "active": true
  },
  {
    "teamId": 21,
    "name": "Kanimozhi Palanisamy",
    "active": true
  }
]
